{
  "type" : "portal_content",
  "title" : "I13161 Learn>Products>UBF>More Resources>Sales Resources",
  "contentBody" : {
    "body" : "<h2>Sales Resources</h2><h5><a style=\"color: rgb(0, 102, 204);\" target=\"_blank\" rel=\"noopener noreferrer noopener noreferrer\" href=\"https://partneracademy.purestorage.com/student/path/1307799-flasharray-foundations\">FlashArray Foundations</a></h5><h5><a style=\"color: rgb(0, 102, 204);\" target=\"_blank\" rel=\"noopener noreferrer noopener noreferrer\" href=\"https://partneracademy.purestorage.com/student/activity/2195121-selling-flasharray\">Selling FlashArray</a></h5><h5><a style=\"color: rgb(0, 102, 204);\" target=\"_blank\" rel=\"noopener noreferrer noopener noreferrer\" href=\"https://partneracademy.purestorage.com/student/activity/1342492-pure-storage-portfolio-flasharray\">Pure Storage Portfolio: FlashArray</a></h5>",
    "headline" : "Sales Resources",
    "id" : "I13161 Learn>Products>UBF>More Resources>Sales Resources"
  },
  "urlName" : "i13161-learn-products-ubf-more-resources-sales-resources"
}