{
  "type" : "portal_content",
  "title" : "I13121 Learn>Products>UBF>Related Training>Sales Training",
  "contentBody" : {
    "body" : "<h2>Sales Training</h2><h5><a style=\"color: rgb(0, 102, 204);\" target=\"_blank\" rel=\"noopener noreferrer noopener noreferrer\" href=\"https://partneracademy.purestorage.com/student/path/1307799-flasharray-foundations\">FlashArray Foundations</a></h5><h5><a style=\"color: rgb(0, 102, 204);\" target=\"_blank\" rel=\"noopener noreferrer noopener noreferrer\" href=\"https://partneracademy.purestorage.com/student/activity/2195121-selling-flasharray\">Selling FlashArray</a></h5><h5><a style=\"color: rgb(0, 102, 204);\" target=\"_blank\" rel=\"noopener noreferrer noopener noreferrer\" href=\"https://partneracademy.purestorage.com/student/activity/1342492-pure-storage-portfolio-flasharray\">Pure Storage Portfolio: FlashArray</a></h5>",
    "headline" : "Sales Training",
    "id" : "I13121 Learn>Products>UBF>Related Training>Sales Training"
  },
  "urlName" : "i13121-learn-products-ubf-related-training-sales-training"
}