{
  "type" : "portal_content",
  "title" : "I13122 Learn>Products>UBF>Related Training>Technical Training",
  "contentBody" : {
    "body" : "<h2>Technical Training</h2><h5><a style=\"color: rgb(0, 102, 204);\" target=\"_blank\" rel=\"noopener noreferrer noopener noreferrer\" href=\"https://partneracademy.purestorage.com/student/collection/1377479/path/1861860/activity/1861607\">FlashArray//XL for Partners</a></h5><h5><a style=\"color: rgb(0, 102, 204);\" target=\"_blank\" rel=\"noopener noreferrer noopener noreferrer\" href=\"https://partneracademy.purestorage.com/student/activity/1336548-flasharray-x-configuration-and-setup\">FlashArray//X Configuration and Setup</a></h5>",
    "headline" : "Technical Training",
    "id" : "I13122 Learn>Products>UBF>Related Training>Technical Training"
  },
  "urlName" : "i13122-learn-products-ubf-related-training-technical-training"
}