{
  "type" : "portal_content",
  "title" : "I13141 Learn>Products>UBF>Models>FA XL",
  "contentBody" : {
    "body" : "<h2>FlashArray//XL</h2><div>The highest performance, highest scale FlashArray. Perfect for everything from massive databases to cloud-native applications. Delivers faster transactions and more responsive customer experiences with enterprise availability and disaster protection.</div>",
    "headline" : "FlashArray//XL",
    "id" : "I13141 Learn>Products>UBF>Models>FA XL"
  },
  "urlName" : "i13141-learn-products-ubf-models-fa-xl"
}