{
  "type" : "portal_content",
  "title" : "I13152 Learn>Products>UBF>Competitive Claims>2",
  "contentBody" : {
    "body" : "<h2><strong>Claim #2:</strong> &#34;Other vendors have lower upfront costs.&#34;</h2><div><strong>Pure&#39;s Advantage: </strong>Pure&#39;s Evergreen™ model eliminates the hidden costs of frequent upgrades and migrations, offering a lower total cost of ownership (TCO) over time.</div>",
    "headline" : "Claim #2: \"Other vendors have lower upfront costs.\"",
    "id" : "I13152 Learn>Products>UBF>Competitive Claims>2"
  },
  "urlName" : "i13152-learn-products-ubf-competitive-claims-2"
}