{
  "type" : "portal_content",
  "title" : "I13162 Learn>Products>UBF>More Resources>Technical Resources",
  "contentBody" : {
    "body" : "<h2>Technical Resources</h2><h5><a style=\"color: rgb(0, 102, 204);\" target=\"_blank\" rel=\"noopener noreferrer noopener noreferrer\" href=\"https://partneracademy.purestorage.com/student/collection/1377479/path/1861860/activity/1861607\">FlashArray//XL for Partners</a></h5><h5><a style=\"color: rgb(0, 102, 204);\" target=\"_blank\" rel=\"noopener noreferrer noopener noreferrer\" href=\"https://partneracademy.purestorage.com/student/activity/1336548-flasharray-x-configuration-and-setup\">FlashArray//X Configuration and Setup</a></h5>",
    "headline" : "Technical Resources",
    "id" : "I13162 Learn>Products>UBF>More Resources>Technical Resources"
  },
  "urlName" : "i13162-learn-products-ubf-more-resources-technical-resources"
}