{
  "type" : "portal_content",
  "title" : "I13113 Learn>Products>UBF>Resources>Technical Presentation",
  "contentBody" : {
    "id" : "I13113 Learn>Products>UBF>Resources>Technical Presentation",
    "body" : "<div><a href=\"https://purestorage.seismic.com/app#/doccenter/3d893b84-6890-4008-b12f-32c49c80011a/doc/%252Fddc949c65f-21c6-4443-8a75-17f96ae0f0b9%252FdfZDlmNTJmNjUtNjFhMS00NmNmLTg3ZWUtMTg3OGU1OWE5Zjdl%252CPT0%253D%252CQXV0b21vdGl2ZQ%253D%253D%252Flf72c60f42-3dad-4999-911a-c4397e68fa64//?mode&#61;view&amp;parentPath&#61;sessionStorage\">Technical Presentation</a></div>",
    "headline" : "Technical Presentation",
    "metadata1" : "https://purestorage.seismic.com/app#/doccenter/3d893b84-6890-4008-b12f-32c49c80011a/doc/%252Fddc949c65f-21c6-4443-8a75-17f96ae0f0b9%252FdfZDlmNTJmNjUtNjFhMS00NmNmLTg3ZWUtMTg3OGU1OWE5Zjdl%252CPT0%253D%252CQXV0b21vdGl2ZQ%253D%253D%252Flf72c60f42-3dad-4999-911a-c4397e68fa64//?mode&#61;view&amp;parentPath&#61;sessionStorage"
  },
  "urlName" : "i13113-learn-products-ubf-resources-technical-presentation"
}