{
  "type" : "portal_content",
  "title" : "I13133 Learn>Products>UBF>Partner Benefits>3",
  "contentBody" : {
    "id" : "I13133 Learn>Products>UBF>Partner Benefits>3",
    "headline" : "Security and Compliance",
    "body" : "<h2><strong>Security and Compliance</strong></h2><div>Pure Storage provides enterprise business continuity solutions with container-granular backups and ransomware protection, ensuring that security policies and compliance requirements are consistently met across both on-premises and cloud environments. This allows you to become a trusted advisor to your customers when it comes to enterprise hybrid cloud solutions.</div>"
  },
  "urlName" : "i13133-learn-products-ubf-partner-benefits-3"
}