{
  "type" : "portal_content",
  "title" : "I13131 Learn>Products>UBF>Partner Benefits>1",
  "contentBody" : {
    "id" : "I13131 Learn>Products>UBF>Partner Benefits>1",
    "headline" : "Scalability and Performance",
    "body" : "<h2><strong>Scalability and Performance</strong></h2><div>Pure Storage all flash solutions that never become obsolete enhance application performance and ensure efficient resource utilization. This allows you to offer high-performance solutions to your customers.</div>"
  },
  "urlName" : "i13131-learn-products-ubf-partner-benefits-1"
}