{
  "type" : "portal_content",
  "title" : "I13111 Learn>Products>UBF>Resources>The Pure Storage Platform",
  "contentBody" : {
    "id" : "I13111 Learn>Products>UBF>Resources>The Pure Storage Platform",
    "body" : "<div><a href=\"https://www.purestorage.com/demos/platform/what-is-the-pure-storage-platform.html\">The Pure Storage Platform</a></div>",
    "headline" : "The Pure Storage Platform",
    "metadata1" : "https://www.purestorage.com/demos/platform/what-is-the-pure-storage-platform.html"
  },
  "urlName" : "i13111-learn-products-ubf-resources-the-pure-storage-platform"
}