{
  "type" : "portal_content",
  "title" : "I13134 Learn>Products>UBF>Partner Benefits>4",
  "contentBody" : {
    "id" : "I13134 Learn>Products>UBF>Partner Benefits>4",
    "headline" : "Market Differentiation",
    "body" : "<h2><strong>Market Differentiation</strong></h2><div>By partnering with Pure Storage, you can differentiate yourself in the market with a proven, non-disruptive Evergreen® architecture and a high Net Promoter Score, which reflects customer satisfaction and loyalty.</div>"
  },
  "urlName" : "i13134-learn-products-ubf-partner-benefits-4"
}