{
  "type" : "portal_content",
  "title" : "I13119 Learn>Products>UBF>Resources>End-of-Life information",
  "contentBody" : {
    "id" : "I13119 Learn>Products>UBF>Resources>End-of-Life information",
    "body" : "<div><a href=\"https://support.purestorage.com/bundle/m_technical_services_information/page/Pure1/Pure1_Manage/003_Dashboards_and_Appliances/library/common_content/c_pure_storage_product_life_cycle_overview.html\">End-of-Life information</a></div>",
    "headline" : "End-of-Life information",
    "metadata1" : "https://support.purestorage.com/bundle/m_technical_services_information/page/Pure1/Pure1_Manage/003_Dashboards_and_Appliances/library/common_content/c_pure_storage_product_life_cycle_overview.html"
  },
  "urlName" : "i13119-learn-products-ubf-resources-end-of-life-information"
}