{
  "type" : "portal_content",
  "title" : "I13112 Learn>Products>UBF>Resources>Customer Presentations",
  "contentBody" : {
    "id" : "I13112 Learn>Products>UBF>Resources>Customer Presentations",
    "body" : "<div><a href=\"https://purestorage.seismic.com/app#/doccenter/3d893b84-6890-4008-b12f-32c49c80011a/doc/%252Fdd854c8b87-29fb-4ea7-8b24-21e1f9f8def9%252FdfMmFlNWY4NjQtY2IyOS00ZGUxLTgyNTEtMjkwOWZjNjgyMDg1%252CPT0%253D%252CUGl0Y2ggRGVjaw%253D%253D%252Flf7ef9c48f-4457-42c2-8b0b-af6bd5bddd88//?mode&#61;view&amp;parentPath&#61;sessionStorage\">Customer Presentations</a></div>",
    "headline" : "Customer Presentations",
    "metadata1" : "https://purestorage.seismic.com/app#/doccenter/3d893b84-6890-4008-b12f-32c49c80011a/doc/%252Fdd854c8b87-29fb-4ea7-8b24-21e1f9f8def9%252FdfMmFlNWY4NjQtY2IyOS00ZGUxLTgyNTEtMjkwOWZjNjgyMDg1%252CPT0%253D%252CUGl0Y2ggRGVjaw%253D%253D%252Flf7ef9c48f-4457-42c2-8b0b-af6bd5bddd88//?mode&#61;view&amp;parentPath&#61;sessionStorage"
  },
  "urlName" : "i13112-learn-products-ubf-resources-customer-presentations"
}