{
  "type" : "portal_content",
  "title" : "I13132 Learn>Products>UBF>Partner Benefits>2",
  "contentBody" : {
    "id" : "I13132 Learn>Products>UBF>Partner Benefits>2",
    "headline" : "High Availability and Disaster Recovery",
    "body" : "<h2><strong>High Availability and Disaster Recovery</strong></h2><div>Pure Storage ensures strong data availability with synchronous disaster recovery, multiple failover options, and ransomware protection. This guarantees business continuity for your customers, making it a reliable choice for you to recommend.</div>"
  },
  "urlName" : "i13132-learn-products-ubf-partner-benefits-2"
}