{
  "type" : "portal_content",
  "title" : "I13151 Learn>Products>UBF>Competitive Claims>1",
  "contentBody" : {
    "body" : "<h2>Claim #1: &#34;Legacy storage vendors offer comparable solutions for block and file.&#34;</h2><div><strong>Pure&#39;s Advantage:</strong> FlashArray allows customers to avoid disruption due to storage with support for non-disruptive, data in place upgrades without exception. Pure Storage is the only vendor with a proven track record. Customers will experience upgrades painlessly rather than have to deal with pressure to upgrade to new generations of hardware, forklift upgrades, and planned downtime.</div>",
    "headline" : "Claim #1: \"Legacy storage vendors offer comparable solutions for block and file.\"",
    "id" : "I13151 Learn>Products>UBF>Competitive Claims>1"
  },
  "urlName" : "i13151-learn-products-ubf-competitive-claims-1"
}