{
  "type" : "portal_content",
  "title" : "I13153 Learn>Products>UBF>Competitive Claims>3",
  "contentBody" : {
    "body" : "<h2>Claim #3: &#34;Pure&#39;s all-flash solutions are too niche for general workloads.&#34;</h2><div><strong>Pure&#39;s Advantage:</strong> Pure Storage solutions are optimized for a wide range of workloads, from mission-critical data bases to modern AI and analytics, making them versatile and scalable for any customer need.</div>",
    "headline" : "Claim #3: \"Pure's all-flash solutions are too niche for general workloads.\"",
    "id" : "I13153 Learn>Products>UBF>Competitive Claims>3"
  },
  "urlName" : "i13153-learn-products-ubf-competitive-claims-3"
}